{
  "accuracy": 0.4696597685022799,
  "correct_predictions": 1339,
  "total_samples": 2851,
  "evaluation_time": 28138.43049478531,
  "samples_per_second": 0.10132050543929076
}